probe,CTL_N1,CTL_N2,CTL_N3
XXASCRP3000002,7.881166537,7.746641244,7.871848243
3000032,5.417568056,5.31194785,5.442226677
